CONTENUS PROPOSES ,,,,,,,,AVIS ET COMMENTAIRES,,,,,
Nom de la tête chercheuse,Lien du contenu ,Thématique du contenu,Niveau concerné,Mots clés associés à ce contenu ,Type de contenu ,Temps de consultation,Commentaires de la tête chercheuse,Nom du Super lecteur/lectrice,Votre avis sur le fond ?,Votre avis sur la forme ?,Votre avis sur l'accessibilité ?,Inspirant : Avez-vous fait Waouh quand vous l'avez vu ? ,Commentaires & remarques
Nathalie,https://www.youtube.com/watch?v=iIHyQRpUt8c&list=PLYJErfbEafzKrKUfcp1ffMH-DIbSBVjGE&index=3,"La motivation, c'est quoi ?",tous,Motivation;neurosciences (théorique),Vidéo,10 minutes,Vidéo pour enseignants experts et motivés,karine,Très intéressant/Nécessaire pour des enseignants qui travaillent vec des élèves non motivés,Sérieux/ scientifique/pas si simple,Demande expérience et/ou temps,Pas à ce point ,
Nathalie,"https://www.youtube.com/watch?v=a6Ftzn6vfb4&index=1&list=PLsS5lU3CRpnjUJYWUe-t7LBDaJVxLuciH
",Gestion des conflits,tous,conflits; communication (théorique/pratique),vidéo,5 minutes,Vidéo pour tous les enseignants,karine,Très bon ! Nécessaire pour que les élèves apprennent à communiquer en paix,"Ludique, une peu naif mais intéressant",Accessible à tous rapidement,Oui. Je recommande !!!,
Nathalie,http://ekladata.com/ju7qX0kK9gjAlOtBVxlsVKkeC50.jpg,8 intelligences,tous,intelligences multiples; Gardner théorique/pratique),infographie,2 minutes,Document pour les enseignants experts,karine,Super pour les enseignants qui en ont déjà entendu parler,bon résumé,Demande expérience et/ou temps,Oui. Je recommande !!!,
Nathalie,https://www.youtube.com/watch?v=Cbq0RxEof0I,coopération,collège,coopération (pratique),vidéo,5 min ,Documents pour TOUS les enseignants! Magnifique,Karine,"Super intéressant, riche, onne envie de l'expérimenter, c'est tout simplement ce que tous le senseignants du secondaire devraient essayer de faire","Super, autant les images des élèves que les avis des professeurs",Accessible à tous rapidement,Oui. Je recommande !!!,
Nathalie,https://www.youtube.com/watch?v=aFOosW-zvkU,conseil de classe,élémentaire,collaboration; conseil; communication(pratique),vidéo,16 min,"Vidéo longue qui montre bien le déroulé d'un conseil de classe mais c'est déjà u outil très utilisé, rien d'innovant selon moi et surtout longggggg
",karine,Trop long et ennuyeux,ennuyeux,Trop long ou trop complexe,Pas à ce point ,
Nathalie,https://www.youtube.com/watch?v=3AleQFT_bIg,moment philo,maternelle,philosophie; parole (pratique),vidéo,5 min,Magnifique documentaire ( je l'ai). A voir pour tous les enseignants,karine,Super! Hyper intéressant! Vraiment!!!!C'est top!!!!Exemples concrets. Expériences merveilleuses au sein des classes,Images jolies. Documentaire à voir et à revoir. Très touchant!,Accessible à tous rapidement,Oui. Je recommande !!!,
Nathalie,https://www.youtube.com/watch?v=gQLitHPA9Zg&list=RDyiAliVHezkc&index=4,intelligence multiples ,tous,intelligences multiples ; Gardner (théo/pra),vidéo,16min,Très très bon ted x. Fait partie du parcours connecté. A voir et à revoir,karine,Super! Intervenant excellent ! ça parlera aux enseignants!,Super! Conférence dont le senseignants devraient avoir le plus souvent dans leur formation ou anilmations pedagogiques,Accessible à tous rapidement,Oui. Je recommande !!!,
Nathalie,https://www.youtube.com/watch?v=sqjPumDKEPc&index=6&list=PLYJErfbEafzKrKUfcp1ffMH-DIbSBVjGENeurobiologie%20de%20la%20m%C3%A9moire,processus de mémorisation,tous,neurosciences;mémorisation (théor),vidéo,10 min,"Super  vidéo! Scientifique , peut-être fait pour des experts. Je rajouterai bien émotions à neurosciences et mémorisation",Karine,"Super! Par contre très très scientifique! Du coup, seuls des enseignants ayant le temps et appréciant les sciences seront curieux de ce genre de vidéos","Clair, un peu difficile parfois, des schémas intéressants et synthétiques.
",Demande expérience et/ou temps,Oui. Je recommande !!!,
Nathalie,https://www.youtube.com/watch?v=zuDLReKRgFM,"mémoriser avec des cartes mentales/
préparer ses cours",tous,carte heuristique;mémorisation;carte mentale (pratiq/théo),vidéo,10 min,"Innovant, ludique, très clair;Parfait!
",karine,Très bon ! ,Moderne / Attirant,Accessible à tous rapidement,Oui. Je recommande !!!,
Nathalie,https://www.youtube.com/watch?v=lrj_qvMKL-o,cartes mentales /préparer ses cours,tous,carte mentale; carte heuristique; mémorisation (théo/prat),vidéo,4 min,méthodologie/ Bon outil pour les enseignants du cycle 3 surtout et du secondaire,karine,Très intéressant. Bon outil. Clair. ludique. précis,Très bien. simple car visuel,Accessible à tous rapidement,Oui. Je recommande !!!,
Nathalie,https://www.youtube.com/watch?v=XWOHR4REcQA,Accompagner la différence (TDAH),tous,TDAH;accompagnement (théor/prat),vidéo,3 min,Information nécessaire pour les enseignants. Y'a t-il une vidéo qui montrerait  le diagnostique de cette pathologie?,karine,Bien mais il manque des infos. C'est déjà pour des enseignants qui sont déjà experts en la matière.,Simple. visuel. clair,Demande expérience et/ou temps,Oui. Je recommande !!!,
Nathalie,https://www.youtube.com/watch?v=Xxcw5-kq8Wk,Accompagner la différence (TDAH),tous,tdah;accomapgnement(théor/prat),vidéo,4 min,Reconnaître un élève avec tdah.,KARINE,Informations nécessaires pour TOUS les enseignants d'aujourd'hui,Pas hyper bien joué mais ça passe,Accessible à tous rapidement,Oui. Je recommande !!!,
Nathalie,https://www.youtube.com/watch?v=7jaeNhjz2rQ,accompagner la différence (les dys),tous,troubles dys; accompagnement (théor/prat),vidéo,25 min,Absolument à montrer à TOUS les enseignants. Problème tellement moderne,karine,super!,connu et super!,Accessible à tous rapidement,Oui. Je recommande !!!,
Nathalie,https://www.youtube.com/watch?v=Z3yA9tCHUJw,accompagner la dyspraxie ,tous,dyspraxie; accompagnement (théor/prat),vidéo,4 min,Diagnostique des dys,karine,Intéressant ,Clair,Accessible à tous rapidement,Oui. Je recommande !!!,
Nathalie,https://www.youtube.com/watch?v=rsnY08J_dL4&list=PLYJErfbEafzKrKUfcp1ffMH-DIbSBVjGE&index=7Un%20esprit%20sain%20dans%20un%20corps%20sain,développement des élèves (lycée),lycée,neurosciences; rythme de vie lycée ;,vidéo,10 min,bien-être / vivre sainement,karine,Très bon ! ,Moderne / Attirant,Accessible à tous rapidement,Oui. Je recommande !!!,
Nathalie,https://www.youtube.com/watch?v=SnBUh5EtUnw&list=PLsS5lU3CRpnjUJYWUe-t7LBDaJVxLuciH&index=3,gestion des conflits;médiation,élémentaire,gestion conflits;médiation (prati),vidéo,14 min,Nécessaire à mettre en place en classe  le plus tôt possible,karine,Très bon ! ,Moderne / Attirant,Accessible à tous rapidement,Oui. Je recommande !!!,
Nathalie,http://www.dailymotion.com/video/xpwji6_un-apres-midi-au-college-devenir-mediateur_tv ,gestion des conflits au collège,collège,médiation; conflits (pratique),vidéo,4 min,Très très bon,karine,Très bon ! ,Moderne / Attirant,Accessible à tous rapidement,Oui. Je recommande !!!,
Nathalie,https://www.youtube.com/watch?v=AsR8oFcWsTE,"neurosciences , processus
 d'apprentissage",tous,neurosciences;cerveau (théor),vidéo,8 min,,,,,,,
Nathalie,http://donnezdusens.fr/wp-content/uploads/2016/11/Sch%C3%A9ma-procrastination.pdf,motivation des lycéens,lycée,motivation; ,infographie,5 min,,,,,,,
Nathalie,http://idees-ash.blogspot.fr/2010/05/carte-mentale-aider-leleve-dyslexique.html,accompagner la dyslexie,élémentaire,dyslexie; accompagnement,infographie,3 min,,,,,,,
nathalie,http://eduscol.education.fr/cid92404/methodes-et-demarches.html#lien4,EMC Méthode et démarches,tous,EMC;école élémentaire,ressource péda,5 min,,,,,,,
Nathalie,https://www.reseau-canope.fr/climatscolaire/uploads/tx_cndpclimatsco/memento_pour_la_cooperation_entre_eleves.pdf,"climat scolaire et coopération au collège
et au lycée",collège/lycée,Coopération; collège;lycée;climat scolaire;,mémento,2 h,,,,,,,
nathalie,http://www.syn-lab.fr/IMG/pdf/2015_cooperation_dl.pdf,coopérer à l'école élémentaire,élémentaire,"coopération, climat scolaire",revue de littérature,1 h,,,,,,,
nathalie,"http://matoumatheux.ac-rennes.fr/accueilniveaux/accueiltous.htm
","mathématiques (activités en ligne)
 élémentaire",élémentaire,mathématiques;jeux,activités en ligne,-,,,,,,,
nathalie,https://www.youtube.com/watch?v=a3t_TH_yBZ4,peinture en musique/ pour s'inspirer,tous,peinture;arts platiques;musique,vidéo,1 min,,,,,,,
nathalie,http://apprendreaeduquer.fr/enfants-doivent-faire-quelque-chose-ne-veulent-faire/,communication bienveillante,maternelle/élémentaire,communication bienveillante; règle;autorité,article,5 min,,,,,,,
nathalie,https://didapro.me/lalbum/attitudes-professionnelles/,Pratique réflexive : attitude professionnelle,tous,débuter;professionalisation,article,5 min,,,,,,,
nathalie,https://www.youtube.com/watch?v=1BfUwhx7mis&t=26s,l'Education ailleurs. Shangai,tous,"école ailleurs, autrement",vidéo,30 min,,,,,,,
nathalie,https://www.youtube.com/watch?v=8qhBzoUd5B0,l'éducation autrement. Le Unschooling,tous,unschooling; éducation autrement,vidéo,10 min,,,,,,,
nathalie,https://www.youtube.com/watch?v=FUXqRsPFo9U,"l'école de l'autonomie;pédagogies
 alternatives",élémentaire,pédagogies alternatives;,reportage,37 min,,,,,,,
nathalie,https://www.youtube.com/watch?v=e1LRrVYb8IE&t=31s,nouveau paradigme en éducation,tous,paradigme éducation;(théor),vidéo,12 min,,,,,,,
nathalie,http://www.tedxparis.com/francois-taddei2/,nouveau modèle d'éducation,tous,repenser l'éducation (théor),vidéo,14 min,,,,,,,
nathalie,https://www.youtube.com/watch?v=9jpH7vlb7E8&feature=youtu.be,développer l'attention des élèves,élémentaire,attention; (théo/prat),vidéo,3 min,,,,,,,
nathalie,https://www.youtube.com/watch?v=RZYfqVqSYz0,construire un climat de classe positif,élémentaire,climat classe;motivation (théo/prat),vidéo,3 min,,,,,,,
nathalie,https://www.youtube.com/watch?v=H97lBOO30B0,"donner du sens aux apprentissages;
motivation
",élémentaire,motivation;pédagogie de projet;apprentissages(théo/prat),vidéo,4 min,,,,,,,
nathalie,https://www.youtube.com/watch?v=99VWQ6W51PU,développer la créativité,élémentaire,créativité (théo/prat),vidéo,3 min,,,,,,,
nathalie,https://www.youtube.com/watch?v=-89WSjJDcn0,le design thinking définition,tous,design thinking; pédagogie de projet; changement(théor),vidéo,4 min,,,,,,,
nathalie,https://www.youtube.com/watch?v=Irt6p39rC8Q,le design thinking en pratique,tous,design thinking; pédagogie de projet; changement (prat),vidéo,5 min,,,,,,,
nathalie,https://www.youtube.com/watch?v=y_qU6Dl7yeQ,animation de groupe,tous,animation de groupe; collaboration,vidéo,6 min,,,,,,,
nathalie,https://www.youtube.com/watch?v=C6tPYD0A33o,l'école autrement,élémentaire,écoles alternatives (théor/prat),vidéo,16 min,,,,,,,
nathalie,https://www.youtube.com/watch?v=gzfWWJMZHWM,pour s'inspirer : éduquer à la joie,tous,éducation bienveillante; ,vidéo,11 min,,,,,,,
nathalie,https://www.youtube.com/watch?v=iMGLy-juSxw,gestion des conflits; harcèlement,tous,relation entre élèves ; harcèlement (théor/prat),vidéo,12 min,,,,,,,
nathalie,https://www.youtube.com/watch?v=sxs_-KsUttY,créativité,tous,créativité (théo/prat),vidéo,14 min,,,,,,,
nathalie,https://www.youtube.com/watch?v=CNSylSf02WU,"gestion des émotions en classe
 pour l'enseignant",tous,émotions; gérer le stress,vidéo,15 min,,,,,,,
nathalie,https://didapro.files.wordpress.com/2009/03/apprendre3671.png,Modalités d'apprentissages,tous,apprentissages modalités,infographie,3 min,,,,,,,
nathalie,https://www.youtube.com/watch?v=ksB80XYiYzI,"fonctionnement du cerveau ; comprendre
le fonctionnement du cerveau",tous,fonctionnement cerveau;(théor/prat),vidéo,15 min,,,,,,,
nathalie,https://www.youtube.com/watch?v=TnbAqikfniY,"méthodologie/processus d'apprentissage/
motiver ses élèves",tous,mémorisation;motivation;processus d'apprentissage,vidéo,20 min,,,,,,,
nathalie,https://www.youtube.com/watch?v=Y49H6_dL9qs,"Favoriser l'apprentissage; motivation;
mémorisation",tous,mémorisation;motivation;apprentissage,vidéo,3 min,,,,,,,
nathalie,https://www.youtube.com/watch?v=2HVGzJpyN2Q,inspiration pour réaliser ses rêves,tous,témoignage,vidéo,10 min,,,,,,,
nathalie,http://www.ac-versailles.fr/public/jcms/p1_202738/des-pistes-pour-amenager-la-classe-et-l-ecole,"débuter en maternelle, aménager la classe",maternelle,maternelle;aménagement class,vidéo,5 min,,,,,,,
nathalie,http://www.lepetitjournaldesprofs.com/blog/2014/07/27/amenager-autrement-sa-salle-de-classe-cle-de-reussite/,aménager la salle de classe,tous,climat scolaire; aménagement classe (prat),article,5 min,,,,,,,
nathalie,https://www.youtube.com/watch?v=VVb1MDwlXA4,"aménager la classe en maternelle
pour favoriser l'autonomie",maternelle,maternelle;aménagement classe (prat),vidéo,7 min,,,,,,,
nathalie,http://www.dominiqueetcompagnie.com/catalogue/pdf_preview/978-2-92334-779-0.pdf,"le yoga pour favoriser l'attention, la
 motivation,
le calme",maternelle/élémentaire,yoga;concentration;motivation (prat),pdf,10 min,,,,,,,
nathalie,https://www.youtube.com/watch?v=-nhem6Fnydw,la méditation à l'école,maternelle/élémentaire,concentration;méditation;maternelle (prat),vidéo,5 min,,,,,,,
nathalie,http://radioeveil.com/3-tres-super-videos-de-meditations-pour-enfants-et-adolescents/,séances méditation ,tous,concentration;méditation (prat),vidéo,4 min,,,,,,,
nathalie,http://apprendreaeduquer.fr/lattention-presence-efficaces-les-compliments/,"relation enfants/enseignants;
communication bienveillante",maternelle/élémentaire,communication bienveillante;,article,5 min,,,,,,,
nathalie,http://data.over-blog-kiwi.com/1/04/40/49/20140918/ob_7ad10c_pedagogie-montessori-carte-mentale-mim.pdf,la pédagogie montessori en carte mentale,maternelle,pédagogie Montessori;,infographie,5 min,,,,,,,
nathalie,https://www.youtube.com/watch?v=_8Hia3KRUww&t=15s,neurosciences et relations,tous,neurosciences affectives;,vidéo,14 min,,,,,,,
nathalie,https://www.youtube.com/watch?v=rN33V0LkbwM&app=desktop,"Posture de l'adulte dans l'accompagment
à l'autonomie",maternelle,posture de l'enseignant;(théo/prat),conférence vidéo,30 min,,,,,,,
nathalie,file:///C:/Users/asus/Downloads/atelier_braingym_frsel_focef0909_site%20(1).pdf,le brain gym qu'est ce que c'est ?,tous,brain gym; motivation; concentration;,pdf,30 min,,,,,,,
nathalie,http://karsenti.ca/32aqisep.pdf,32 stratégies pour motiver ses élèves,tous,motivation,pdf,5 min,,,,,,,
nathalie,http://www.education.gouv.qc.ca/fileadmin/site_web/documents/PSG/recherche_evaluation/MotivationSoutienEvaluation_ClesReussteEleves_f.pdf,"motivation, clé de la réussite",tous,motivation (recherche),pdf,1h15,,,,,,,
nathalie,http://apprendreaeduquer.fr/8-types-de-personnalite-selon-modele-anc/,"accompagner les enfants dans leur
développement
8 types de personnalité en ANC",tous,développement;types personnalité,article,7 min,,,,,,,
nathalie,https://www.youtube.com/watch?v=9aONSCU9v_w,"comprendre le fonctionnement de son
cerveau
gérer ses émotions","maternelle/élémentaire/
collège",gestion émotions;cerveau,vidéo,3 min,,,,,,,
nathalie,https://www.youtube.com/watch?v=pyeXvjCVfy8,"les émotions qu'est ce que c'est
(c'est pas sorcier)",élémentaire/collège,émotions,vidéo,30 min,,,,,,,
nathalie,http://apprendre-reviser-memoriser.fr/pedagogie-positive-apprendre-autrement/,Les principes de la pédagogie positive,tous,pédagogie positive principes,article,15 min,,,,,,,
nathalie,http://www.meirieu.com/CLASSEAUQUOTIDIEN/rituels.htm,les rituels à l'école,élémentaire,rituels;débuter dans le métier;,article,10 min,,,,,,,
nathalie,http://i1.wp.com/apprendre-reviser-memoriser.fr/wp-content/uploads/2016/08/apprendre-avec-les-intelligences-multiples.jpg?resize=768%2C324,les intelligences multiples ,tous,intelligences multiples; gardner (théorique/pratique),infographie,5 min,,,,,,,
nathalie,http://pedagopsy.eu/creativite_ecole.html,la créativité à l'école,tous,créativité(théorique),article,30 min,,,,,,,
nathalie,http://www.fusionyearbooks.com/fr/blog/creativite-en-classe/,favoriser la créativité ,tous,créativité (pratique),article,15 min,,,,,,,
nathalie,https://www.youtube.com/watch?v=5s9QKMmBUjU&index=5&list=PLESxnlSWe4FtYOEAY9jKTSDFfaYDhLKV7,favoriser la mémorisation,élémentaire/collège,mémorisation (pratique),vidéo,13 min,,,,,,,
nathalie,http://www.letudiant.fr/metiers/15-conseils-de-formateur-aux-jeunes-professeurs-faire-cours-c-est-un-peu-du-jazz-17067.html,débuter dans le métier.. 15 conseils,tous,débuter;postures enseignants,article,10 min,,,,,,,
nathalie,https://milasaintanne.wordpress.com/2010/08/28/anti-vademecum-de-la-premiere-heure-de-cours/,"débuter dans le métier, témoignage",tous,débuter;postures enseignants,article,10 min,,,,,,,
nathalie,http://www.huffingtonpost.fr/carla-schiappa/les-10-commandements-de-lenseignant-debutant/,"10 commandements de l'enseignant
 débutant",tous,débuter;postures enseignants,article,15 min,,,,,,,
nathalie,http://www.unige.ch/fapse/SSE/teachers/maulini/faire-le-programme.htm,Organiser son travail d'enseignant,tous,préparation classe ; débuter,article,15 min,,,,,,,
nathalie,http://petorcy.over-blog.fr/article-36823699.html,préparer ses cours,tous,préparation cours;débuter (méthode),article,15 min,,,,,,,
nathalie,http://www.education.gouv.fr/cid2770/le-socle-commun-de-connaissances-et-de-competences.html,"socle commun de connaissances et
 compétences",élémataire/colège,préparer ses cours; programme; socle commun,article,20 min,,,,,,,
nathalie,https://www4.ac-nancy-metz.fr/ien57metznord/IMG/doc/Programmation_ou_Progression.doc,"Préparer sa classe:
 programmation/progression....","maternelle/élémentaire
/collège","programme;programmation;progression;séance;séquence;
débuter
(prat)",article ,10 min,,,,,,,
nathalie,http://www.cndp.fr/crdp-rouen/images/pdf/neoprofs/doc2008_outils_programmer.pdf,outils pour programmer les apprentissages,"maternelle/élémentaire
/collège","programme;programmation;progression;séance;séquence;
débuter
(prat)",pdf,15 min,,,,,,,
Nathalie,http://www.jeunes.gouv.fr/IMG/pdf/NDI_guidemethodo.pdf,guide méthodo de conduite de projet,tous,pédogie projet;méthodologie,pdf,1 h,,,,,,,
Nathalie,http://rire.ctreq.qc.ca/2016/10/pratique-reflexive/,"La pratique réflexive sur son
fonctionnement ",tous,pratique réflexice;débuter;analyse de pratique,pdf,20 min,,,,,,,
Nathalie,http://www.teachingperspectives.com/tpi/,évaluer ses compétences d'enseignant,tous,pratique reflexive;test (en anglais),ressource en ligne,2h,,,,,,,
Nathalie,https://www.researchgate.net/publication/249962304_Pedagogies_nouvelles_nouvelles_pedagogies,pédagogies nouvelles état des lieux,tous,pédagogies nouvelles (théor),pdf,2 h,,,,,,,
Nathalie,https://www.youtube.com/watch?v=SEFWqxWTWOU,pédagogies innovantes,tous,pédogies nouvelles;(théor),vidéo,8 min,,,,,,,
Nathalie,https://www.youtube.com/watch?v=k6CEXlKsWNQ,travail de groupe,tous,collaboration;travail groupe,vidéo,1 min,,,,,,,
Nathalie,https://www.youtube.com/watch?v=LEYmYulJXpA,une autre éducation,élémentaire,éducation innovante (prat),vidéo,9 min,,,,,,,
nathalie,https://www.youtube.com/watch?v=iG9CE55wbtY&list=PL70DEC2B0568B5469&index=1,créativité ,tous,créativité,vidéo,20 min,,,,,,,
nathalie,https://www.youtube.com/watch?v=Ys0-QqD3KIU,travail collaboratif,tous,collaboration;travail groupe,vidéo,3 min,,,,,,,
nathalie,https://www.youtube.com/watch?v=8yR-t7oeEjA,"travail collaboratif. S'inspirer d'autres
sphères de la société",tous,collaboration;outils,vidéo,10 min,,,,,,,
Nathalie,https://www.youtube.com/watch?v=kIfB3kOtTr0,"Communication non violente
s'inspirer d'autres sphères de la société",tous,communication bienveillante,vidéo,11 min,,,,,,,
Nathalie,http://www.ac-grenoble.fr/ien.montelimar/pages/T1T2/Les%20affichages%20obligatoires.pdf,organiser son travail d'enseignant,maternelle/élémentaire,débuter;obligations,pdf,2 min,,,,,,,
Nathalie,http://education.francetv.fr/parents/scolarite/video/philippe-meirieu-la-cooperation-parents-profs,collaborer avec les parents,tous,relations parents enseignants,vidéo,3 min,,,,,,,
Nathalie,http://education.francetv.fr/parents/scolarite/video/philippe-meirieu-education-et-repression,"règles,sanctions et éducation",tous,règles;sanctions;,vidéo,3 min,,,,,,,
Nathalie,http://www.culturepub.fr/videos/noemi-anti-exclusion-les-yeux-d-un-enfant/,"La différence vue avec les yeux des
enfants",tous,handicap;bienveillance,vidéo,2 min,,,,,,,
Nathalie,http://www.tdah.be/Desktop/BROCHURE_ADHD_FR.pdf,TDAH guide pratique et théorique,tous,TDAH,pdf ,2 h,,,,,,,
Nathalie,http://www.ecole-dynamique.org/,L'école autrement,tous,pédagogies innovantes;école démocratique;,site,;,,,,,,,
Nathalie,http://www.lesamanins.com/ecole,école autrement,tous,pédagogies innovantes;amanins,site,;,,,,,,,
Nathalie,https://www.youtube.com/watch?v=XC0zygbKiXY,"la classe inversée;pédagogie
 innovante;projet",collège/lycée,classe inversée;,vidéo,3 min,,,,,,,
Nathalie,https://www.youtube.com/watch?v=QcrIc-YoSsk,la classe inversée ,collège/lycée,pédagogie innovante;classe inversée,vidéo,3 min,,,,,,,
Nathalie ,http://rire.ctreq.qc.ca/2016/10/unschooling/,l'école autrement : le unschooling,tous,non scolarisation; ,article,15 min,,,,,,,
nathalie,https://www.youtube.com/watch?v=44PmRXjzA9w,"le système scolaire interrogé autrement :
se questionner à partir de tout",tous,paradigme éducation;,vidéo,5 min,,,,,,,
nathalie,http://www.imagiter.fr/2016/04/tags-rags-le-vrai-street-art.html,s'inspirer de tout pour nourrir sa pratique,tous,art;inspiration,blog,-,,,,,,,
Nathalie,http://education3.canalblog.com/,des enseignants prennent la parole,tous,penser l'éducation,blog,-,,,,,,,
Nathalie,https://www.celinealvarez.org/,des enseignants prennent la parole,maternelle,penser l'éducation,blog,-,,,,,,,
Nathalie,http://www.education-authentique.org/index.php?page=qui-sommes-nous,des enseignants prennent la parole,tous,penser l'éducation,blog,-,,,,,,,
nathalie,http://ecolebranchee.com/2014/12/19/top-10-des-applications-preferees-des-enseignants-en-cette-1ere-moitie-dannee/,des applications pour la classe,maternelle/élémentaire,appli;numérique,article,5 min,,,,,,,
Nathalie,http://apprendreaeduquer.fr/que-faire-face-a-un-enfant-agressif-qui-tape-mord-et-fait-des-coleres/,"règles et sanctions, éduquer avec
bienveillance",tous,règles;sanctions;émotions;colère,article,5 min,,,,,,,
nathalie,http://apprendreaeduquer.fr/psychologie-positive-famille/,des idées d'activités... même en classe,"maternelle/
élémentaire",éducation bienveilante;psychologie positive,article,5 min,,,,,,,
Nathalie,https://www.youtube.com/watch?v=l5wZVjTQvVU&feature=youtu.be,La culture de l'erreur,tous,erreur; évaluation; édcaution bienveillante,vidéo,2 min,,,,,,,
nathalie,http://rire.ctreq.qc.ca/2016/09/dictees-innovantes/,"La dictée , pratique positive","élémentaire;
collège;lycée",orthographe;dictée;pratique innovante (théor/prat),recherche,15 min,,,,,,,
Nathalie,http://mobile.lemonde.fr/campus/article/2016/11/23/leboncoin-nous-recherchons-avant-tout-des-profils-atypiques_5036517_4401467.html,"Des compétences plurielles. Pour s'inspirer
de notre société",tous,compétences futures,article,10 min,,,,,,,
Nathalie,https://www.youtube.com/watch?v=_709-9bIzSw,Lecture à voix haute,collège,lecture;communciation,vidéo,5 min,,,,,,,
nathalie,http://apprendre-reviser-memoriser.fr/comprendre-fonctionnement-de-memoire-aider-enfants-presentant-difficultes-de-memorisation-dapprentissage/,"comprendre le fonctionnement de son
cerveau pour mémoriser
",tous,mémorisation;neurosciences,article,10 min,,,,,,,
nathalie,http://www.iusmm.ca/documents/pdf/Recherche/CESH/MAB-teacher-jr-fr.pdf,"comprendre le fonctionnement du cerveau
avec des expériences",élémentaire/collège,"neurosciences;sciences;expériences;fonctionnement
cerveau (prat)",article,20 min,,,,,,,
nathalie,http://apprendre-reviser-memoriser.fr/6-rituels-pour-creer-un-environnement-securisant-et-bienveillant-en-classe-par-un-enseignant/,des rituels pour un environnement sécurisant,maternelle/élémentaire,climat scolaire; bienveilance (rituels),article,7 min,,,,,,,
nathalie,http://apprendre-reviser-memoriser.fr/cadre-valorisant-classe/,mettre en place un cadre valorisant,tous,communication bienveillante;relation élèves seignants (prat),article,5 min,,,,,,,
nathalie,http://viasolis.free.fr/downloads/La%20voix%20de%20l'enseignant.pdf,"prendre soin de sa voix comme instrument
de travail",tous,voix;débuter(prat),pdf,5 min,,,,,,,
nathalie,https://www.youtube.com/watch?v=m4KUD_WYnpA,"prendre soin de sa voix comme instrument
de travail",tous,voix;débuter(prat),vidéo,2 min,,,,,,,
nathalie,https://www.youtube.com/watch?v=W6mH4Af-sX0&list=PL_ZZHWrfptdSgRQz_non_hRdkRlWeo2Cd&index=5,respirer pour maitriser sa voix,tous,voix;débuter(prat),vidéo,5 min,,,,,,,
nathalie,https://www.youtube.com/watch?v=SFnMTHhKdkw&feature=youtu.be,pour s'inspirer de tout,tous,inspiration,vidéo,8 min,,,,,,,
nathalie,https://medium.com/eduvoices/vous-naurez-plus-la-m%C3%AAme-vision-de-ce-m%C3%A9tier-b52b80e419cc#.3k6szg3oa,enseignant... Quel métier !,tous,inspiration,article,5 min,,,,,,,
nathalie,https://www.youtube.com/watch?v=rBolIW1pxdE&list=RDrBolIW1pxdE#t=66,témoignage enseignant.. Pour sourire,élémentaire,inspiration; témoignage,vidéo,4 min,,,,,,,
nathalie,https://www.youtube.com/watch?v=A6qDGUqG_N4,être enseignant... Pour sourire,élémentaire,inspiration; témoignage,vidéo,3 min,,,,,,,
nathalie,https://www.youtube.com/watch?v=0vzDEcsdG6E,les 8 types d'intelligences,tous,8 intelligences;Gardner,vidéo,4 min,,,,,,,
nathalie,https://www.youtube.com/watch?v=lkNeqrNAN8U,A.Jacquard parle de l'intelligence,tous,intelligence ,vidéo,5 min,,,,,,,
nathalie,https://www.youtube.com/watch?v=mt0pngr6DDQ,"s'adapter au système scolaire pour
les Hauts potentiels",tous,echec scolaire:intelligence; hauts potentiels; précocité;,vidéo,10 min,,,,,,,
nathalie,https://www.youtube.com/watch?v=UUlaseGrkLc,"Pour se ressourcer, se nourrir, s'inspirer",tous,inspiration; pause,vidéo,7 min,,,,,,,
nathalie,https://www.youtube.com/watch?v=y47-gmGvZhI,"Pour se ressourcer, se nourrir, s'inspirer",tous,inspiration;pause,vidéo,10 min,,,,,,,
nathalie,https://www.youtube.com/watch?v=aKRZn0uS6eA,"pour se ressourcer, se nourrir, s'inspirer",tous,inspiration;pause,vidéo,10 min,,,,,,,
nathalie,https://www.youtube.com/watch?v=3SjXg1WcYyU,"pour se ressourcer, se nourrir, s'inspirer",tous,inspiration;pause,vidéo,7 min,,,,,,,
nathalie,https://www.youtube.com/watch?v=-PAAagNQRTM,"pour se ressourcer, se nourrir, s'inspirer",tous,inspiration;pause,vidéo,7 min,,,,,,,
nathalie,https://scontent-cdg2-1.xx.fbcdn.net/v/t1.0-9/14639610_1347622201916104_6300269735271199009_n.jpg?oh=3085357576aebcc16f6f3c1ff763ab60&oe=58F9ACB1,"Des images, des citations inspirantes",tous,inspiration,image,-,,,,,,,
nathalie,https://static1.squarespace.com/static/55f92f56e4b02e1b84dd105a/55fd448be4b066b90de29404/55fd448ce4b066b90de2952d/1442661576368/plan+vs+reality.jpeg,"Des images, des citations inspirantes",tous,inspiration,image,-,,,,,,,
nathalie,http://rire.ctreq.qc.ca/2016/07/comment-bien-reviser/,Les conditions d'une bonne révision,élémentaire....Lycée,évaluation;mémorisation;motivation,article ,5 min,,,,,,,
nathalie, https://www.youtube.com/watch?v=xeRafa5OVJU,l'école autrement... C'est possible,maternelle;élémentaire,citoyenneté;changement,vidéo,4 min,,,,,,,
nathalie,https://www.youtube.com/watch?v=eSmiLicYNUE,l'école autrement.... C'est possible,maternelle;élémentaire,changement;citoyenneté,vidéo,10 min,,,,,,,
nathalie,https://www.youtube.com/watch?v=a36rJgH0KqU,l'école autrement... C'est possible,maternelle;élémentaire,changement;citoyenneté,vidéo,4 min,,,,,,,
nathalie,https://www.youtube.com/watch?v=w9TpuDlpcyk,l'école... Ca sert à quoi ?,tous,changement ,vidéo,30s,,,,,,,
nathalie,https://www.youtube.com/watch?v=pjVBPu02sZs,l'école autrement... C'est possible,tous,changement,vidéo,4 min,,,,,,,
nathalie,https://www.youtube.com/watch?v=t01yZHnprVg,la pleine conscience à l'école,tous,motivation;relaxation;climat scolaire,vidéo,6min,,,,,,,
nathalie,https://www.youtube.com/watch?v=i1CCkUFjMHc,l'école autrement... C'est possible,élémentaire,motivation;autonomie;changement,vidéo,30 min,,,,,,,
nathalie,https://www.youtube.com/watch?v=iGKvA-oTZQo,l'enseignant... Médiateur de la tâche,maternelle/élémentaire,motivation;autonomie;changement,vidéo,5 min,,,,,,,
nathalie,https://www.youtube.com/watch?v=G8bmNXSOHqo,du lien entre les disciplines au collège,collège,motivation;autonomie;changement;interdisciplinarité,vidéo,6 min,,,,,,,
nathalie,https://www.youtube.com/watch?v=oWUKamnoKOs,la pleine conscience à l'école,tous,motivation;relaxation;climat scolaire,vidéo,7 min,,,,,,,
nathalie,https://www.youtube.com/watch?v=1D7D3_HFB3o,"pour se ressourcer, se nourrir, s'inspirer",tous,inspiration,vidéo,7min,,,,,,,
nathalie,https://www.youtube.com/watch?v=Q5I3tTxV5h8,"pour se ressourcer, se nourrir, s'inspirer",tous,inspiration,vidéo,9 min,,,,,,,
nathalie,https://www.youtube.com/watch?v=dchDdYBKq2Q,la dyslexie expliquée aux enfants,tous,se connaître; dys;,vidéo,2 min,,,,,,,
nathalie,http://www.inserm.fr/thematiques/neurosciences-sciences-cognitives-neurologie-psychiatrie/dossiers-d-information/troubles-des-apprentissages-les-troubles-dys,les dys expliqués,tous,comprendre la différence,dossier,30 min,,,,,,,
nathalie,http://www2.ac-lyon.fr/etab/ien/loire/montbrison/IMG/pdf/METTRE_EN_PLACE_UN_PLAN_DE_TRAVAIL.pdf,mettre en place le plan de travail,tous,autonomie;enseignant médiateur apprentissage;freinet (prat),pdf,15 min,,,,,,,
nathalie,http://www.lepetitjournaldesprofs.com/blog/2015/11/25/freinet-college-mettre-place-plan-de-travail/,méthode Freinet,élémentaire/collège,autonomie;enseignant médiateur apprentissage;freinet (prat),vidéo,7min,,,,,,,
nathalie,http://webetab.ac-bordeaux.fr/Primaire/24/IENPerigueux2/pdt_mdi/introduction/le_plan_de_travail.pdf,méthode Freinet,élémentaire/collège,autonomie;enseignant médiateur apprentissage;freinet (prat),pdf,15 min,,,,,,,
nathalie,http://www.icem-freinet.fr/archives/ne/ne/78/pratiques78-pdf.pdf,méthode Freinet,élémentaire/collège,autonomie;enseignant médiateur apprentissage;freinet (prat),pdf,20 min,,,,,,,
nathalie,http://www.icem-pedagogie-freinet.org/node/45969,méthode Freinet,élémentaire,autonomie;enseignant médiateur apprentissage;freinet (prat),texte+vidéo,1 h,,,,,,,
nathalie,https://www.youtube.com/watch?v=d3ya0AD1RSo,Danse contact- s'inspirer,tous,coopération;danse;inspiration,vidéo,5 min,,,,,,,
nathalie,https://www.youtube.com/watch?v=S28-OgVDAek,Danse contact- s'inspirer,tous,coopération;danse;inspiration,vidéo,4 min,,,,,,,
nathalie,https://www.youtube.com/watch?v=aWxBPT9nZbI,La danse d'Abou Lagraa; s'inspirer;,tous,danse; culture; s'inspirer,vidéo,10 min,,,,,,,
nathalie,"http://www.ac-orleans-tours.fr/fileadmin/user_upload/eps37/Activit%C3%A9s_artistiques/Danse_%C3%A0_l_%C3%A9cole/LM_Fichier_
AUTOUR_DE_LA_DANSE_Formation_2010_2011.pdf",Danser avec les élèves. Quelles danses à l'école,maternelle/élémentaire,danse;cultures/expression artistique (activités),pdf,2h,,,,,,,
nathalie,http://www.ac-orleans-tours.fr/fileadmin/user_upload/eps37/Activit%C3%A9s_artistiques/Danse_%C3%A0_l_%C3%A9cole/AP_fichier__DANSE_Janvier_2012_P1.pdf,rituels pour rentrer en activité dans,maternelle/élémentaire,danse/culture/expression artistique(activités),pdf,3 min,,,,,,,
nathalie,https://www.jamendo.com/start,télécharger de la musique gratuitement,tous,s'inspirer,site,-,,,,,,,
nathalie,http://www.numeridanse.tv/fr,vidéothèque danse en ligne,tous,danse;expression artistique,site,-,,,,,,,
nathalie,http://education.francetv.fr/matiere/mathematiques/sixieme/video/petits-contes-mathematiques-le-theoreme-de-pythagore#xtor=SEC-191224,petit conte mathématique : Pythagore,collège,mathématiques;pythagore,vidéo,3 min,,,,,,,
nathalie,http://education.francetv.fr/matiere/mathematiques/sixieme/video/petits-contes-mathematiques-la-fonction#xtor=SEC-191224,petit conte mathématique : la fonction,collège/lycée,mathématiques : fonctions,vidéo,4min,,,,,,,
nathalie,http://education.francetv.fr/matiere/mathematiques/sixieme/video/petits-contes-mathematiques-le-zero#xtor=SEC-191224,petit conte mathématique : le zéro,élémentaire/collège,mathématiques;zéro,vidéo,3min,,,,,,,
nathalie,http://education.francetv.fr/matiere/mathematiques/sixieme/video/petits-contes-mathematiques-les-angles#xtor=SEC-191224,petit conte mathématique : les angles,élémentaire/collège,mathématiques;angles,vidéo,3min,,,,,,,
nathalie,http://education.francetv.fr/matiere/mathematiques/sixieme/video/petits-contes-mathematiques-le-nombre-pi#xtor=SEC-191224,petit conte mathématique : le nombre Pi,élémentaire/collège,mathématiques;Pi,vidéo,3 min,,,,,,,
nathalie,http://education.francetv.fr/matiere/mathematiques/sixieme/video/petits-contes-mathematiques-l-identite-remarquable#xtor=SEC-191224,petit conte remarquable : identité remarquable,collège,mathématiques;identité remarquable,vidéo,3 min,,,,,,,
nathalie,http://education.francetv.fr/matiere/mathematiques/sixieme/video/petits-contes-mathematiques-les-fractions#xtor=SEC-191224,petit conte mathématique :fraction,élémentaire/collège,mathématiques;fraction,vidéo,4min,,,,,,,
nathalie,http://education.francetv.fr/matiere/mathematiques/sixieme/video/petits-contes-mathematiques-le-nombre#xtor=SEC-191224,petit conte mathématique :le nombre,collège,mathématiques;nombre,vidéo,3min,,,,,,,
nathalie,http://education.francetv.fr/matiere/mathematiques/sixieme/video/petits-contes-mathematiques-le-theoreme-de-thales#xtor=SEC-191224,petit conte mathématique : Thalès,collège,mathématiques;Thalès,vidéo,3 min,,,,,,,
nathalie,https://www.youtube.com/watch?v=JywfTYdKpHc,Comprendre le fonctionnement de son cerveau,tous,neurosciences;,vidéo,19 min,,,,,,,
nathalie,https://www.youtube.com/watch?v=wQymwpQzGuc,comprendre son fonctionnement d'enseignant,tous,attitude réflexive  pratique ;,vidéo,20 min,,,,,,,
nathalie,https://usbeketrica.com/galerie/lire-le-monde-dans-les-cartes,géographie : représenter le monde,tous,carte géographie,site,-,,,,,,,
nathalie,https://www.youtube.com/watch?v=yOp8DdU0ZCQ,coopérer,tous,coopération;,vidéo,1 min,,,,,,,
nathalie,http://apprendre-reviser-memoriser.fr/comment-rendre-un-jeu-efficace-pour-les-apprentissages/,rendre le jeu efficace,tous,apprentissage/jeu,article,5 min,,,,,,,
nathalie,https://www.youtube.com/watch?v=1_O6C2-Qf1Q,jouer c'est très sérieux,tous,jeu;apprentissage,vidéo,19 min,,,,,,,
nathalie,http://www.ted.com/talks/sarah_jayne_blakemore_the_mysterious_workings_of_the_adolescent_brain?utm_campaign=social&utm_medium=referral&utm_source=facebook.com&utm_content=talk&utm_term=science,le cerveau des adolescents,collège/lycée,neurosciences;adolescence,vidéo,19 min,,,,,,,
nathalie,http://www.fespi.fr/la-fespi/9-propositions-concretes-pour-des-alternatives-dans-lecole/,des propositions pour des alternatives dans l'école,tous,pédagogie;changement;alternative,article,10 min,,,,,,,
nathalie,http://nomadity.be/blog_decouverte/2016/11/21/12-conditions-pour-bien-memoriser/?utm_content=buffer1421e&utm_medium=social&utm_source=facebook.com&utm_campaign=buffer,12 conditions pour bien mémoriser,tous,mémoriser;motiver,article,5 min,,,,,,,
nathalie,http://www.francetvinfo.fr/replay-radio/moi-president-2017/christophe-andre-moi-president-je-demanderai-a-ce-que-chaque-journee-d-ecole-demarre-par-quelques-minutes-de-meditation_1932343.html,"méditation... Développer notre écoute, notre réceptivité",tous,méditation,audio,4 min,,,,,,,
nathalie,https://www.youtube.com/watch?v=f6uOABlKJeg&list=RD3kd1_VsPz0U&index=13,"Développement personnel :
oser sortir de sa zone de confort.... La voie du changement",tous,confiance;changement;freins,vidéo,7 min,,,,,,,
nathalie,https://www.youtube.com/watch?v=ko4DtnjUSLo&list=RD3kd1_VsPz0U&index=9,Pour sourire :l'herbe n'est pas toujours plus verte ailleurs,tous,inspiration,vidéo,3 min,,,,,,,
nathalie,https://www.youtube.com/watch?v=nYTrIcn4rjg,Pour sourire : l'arroseur arrosé,tous ,inspiration,vidéo,3 min,,,,,,,
nathalie,https://www.youtube.com/watch?v=tAM1obSpJ6U&t=3s,inspiration pour réaliser ses rêves,tous,inspiration,vidéo,5 min,,,,,,,
nathalie,https://vimeo.com/19140477?ref=fb-share,Nuos sommes tous des héros : pour s'inspirer,tous,inspiration,vidéo,2 min,,,,,,,
nathalie,http://ife.ens-lyon.fr/vst/DA-Veille/113-novembre-2016.pdf,Dfférenciation pédagogique,tous,différenciation pédagogique,dossier,2 h,,,,,,,
nathalie,https://www.youtube.com/watch?v=6kKRH67OUBQ&feature=youtu.be,adolescence et objets connectés,collège/lycée,adolescence;internet;objets connectés,vidéo,4 min,,,,,,,
nathalie,https://www.youtube.com/watch?v=IocLkk3aYlk,handicap;bienveillance,tous,handicap;bienveillance,vidéo,3 min,,,,,,,
nathalie,http://sain-et-naturel.com/village-africainoeuvre-d-art.html,culture;arts.. Pour s'inspirer de tout,tous,arts; culture,photos,4 min,,,,,,,
nathalie,http://www.grands-reporters.com/Les-peuples-de-l-Omo.html,cultures;voyages; s'inspirer d'ailleurs,tous,culture;voyage;géographie;Humanité,site,-,,,,,,,
nathalie,http://www.cafepedagogique.net/lexpresso/Pages/2016/11/29112016Article636159996472805052.aspx,les méthodes... Une histoire d'HIstoire...,tous,pédagogies; Hisoitre institution,article,5 min,,,,,,,
nathalie,http://www.cnesco.fr/fr/timss-eclairage-du-cnesco-sur-les-mathematiques-au-primaire/,Les mathématiques au primaire : évaluation du système,élémentaire,mathématique;efficacité système,article,30 min,,,,,,,
nathalie,https://www.youtube.com/watch?v=FaqVtxCCxKg,"Apprendre grâce aux jeux de société. L'enfant
apprend parce qu'il joue... Il ne joue pas pour apprendre",maternelle/élémentaire,jeux;apprentissage;,vidéo,15 min,,,,,,,
nathalie,http://apprendre-reviser-memoriser.fr/enseignants-efficaces-thomas-gordon-enseigner-et-resoudre-les-conflits-avec-bienveillance/,relation enseignant/élève,tous,éducation bienveillante;reltion enseignant/enfant,article,10 min,,,,,,,
nathalie,Nathalie,citation inspirante,tous,s'inspirer,-,1 min,,,,,,,
nathalie,https://i.ytimg.com/vi/v5vKoGOiRwY/maxresdefault.jpg,citation inspirante,tous,s'inspirer,-,1 min,,,,,,,
nathalie,https://fr.pinterest.com/pin/515310382343109222/,citation inspirante,tous,s'inspirer,-,1 min,,,,,,,
nathalie,http://www.out-the-box.fr/wp-content/uploads/2012/07/salvador-dali-famous-quote-perfection-art-creativity1.jpg,citation inspirante,tous,s'inspirer,-,1 min,,,,,,,
nathalie,https://blog-de-secure-aw9dfggtkgmgbicfz6zi.netdna-ssl.com/wp-content/uploads/0.jpg,citation inspirante,tous,s'inspirer,- ,1 min,,,,,,,
nathalie,https://media.licdn.com/mpr/mpr/AAEAAQAAAAAAAAefAAAAJGVkODljYWNmLTlhODUtNGMzMS04NjE4LWM2ZWVmZmZmYjRkZg.jpg,réussir le changement;confiance en soi;défi,tous,oser;changement,image,1 min,,,,,,,
nathalie,http://apprendreaeduquer.fr/sons-mieux-apprendre/,neurosciences et apprentissages : les aspects bénéfiques des sons,maternelle/élémentaire,neuro-sciences; environnement optimal; climat ,Article,5 minutes,,,,,,,
nathalie,http://apprendre-reviser-memoriser.fr/rempalcer-cest-bien/,communication bienveillante,tous,communication;relation maître/élève,Article,10 minutes,,,,,,,
nathalie,https://scontent-cdg2-1.xx.fbcdn.net/v/t1.0-9/15355762_390639967946117_8836861716222730661_n.jpg?oh=2936fc5d6a7ab5053db743f0dcb4951a&oe=58BAC2E6,"égalité, équité, et... ",tous ,égalité; équité; différenciation,Autre,5 minutes,,,,,,,
nathalie,http://www.kaizen-magazine.com/catherine-gueguen-la-relation-empathique-pour-eduquer-a-la-joie/,la relation empathique pour éduquer à la joie,tous,relation;neurosciences;communication bienveillante,Vidéo,10 minutes,,,,,,,
nathalie,https://www.youtube.com/watch?v=LnUGpVcVmkk,neuropédagogie,tous,neurosciences;motivation,Vidéo,5 minutes,,,,,,,
nathalie,http://apprendre-reviser-memoriser.fr/developper-les-fonctions-executives-des-enfants/,développer les fonctions exécutives,maternelle/élémentaire,motiver; encourager;autonomie (prat),Article,5 minutes,,,,,,,
nathalie,http://www.lemonde.fr/o21/article/2016/12/06/xavier-pommereau-faites-un-bilan-de-vos-competences-de-vie_5044349_5014018.html,Dédramatiser l'orientation,lycée,orientation;lycée;adolescence,Article,5 minutes,,,,,,,
nathalie,http://www.lepetitjournaldesprofs.com/blog/2016/12/07/vers-le-tout-psycho-en-primaire/,"relation parents/enseignants, formation des enseignants",tous,accompagnement;psychologie;relation parents/enseignants,Article,5 minutes,,,,,,,
nathalie,http://sciences-cognitives.fr/memorisation-classe-facheux-oubli/,"mémorisation, principes",tous,mémorisation; neurosciences,Article,5 minutes,,,,,,,
nathalie,https://www.youtube.com/watch?v=RbwqxwcQgoo&feature=youtu.be,sciences cognitives et apprentissages,tous,sciences cognitives;apprentissage(théo),Vidéo,10 minutes,,,,,,,
nathalie,https://www.facebook.com/SynLab.innovations/,enseignement et connaissance de soi,tous,enseignement;connaissance de soi;autoformation;développement personnel,Vidéo,5 minutes,,,,,,,
nathalie,http://nomadity.be/blog_confiance/6-actions-a-entreprendre-pour-atteindre-son-objectif/?utm_content=bufferae4d0&utm_medium=social&utm_source=facebook.com&utm_campaign=buffer,développement personnel. Actions à entreprendre pour atteindre son objectif,tous,développement personnel;,Article,10 minutes,,,,,,,
nathalie,http://jeanjacqueslemag.fr/ce-que-tu-fais-quand-tu-arrives-a-lecole-le-matin/,pour sourire de notre métier d'enseignant,élémentaire,détente;auto dérision,Article,5 minutes,,,,,,,
nathalie,http://www.huffingtonpost.fr/adam-bidar/j-ai-19-ans-idees-education-revolutionne-societe/,ce que les jeunes disent de l'école,tous,parole de lycéen,Article,10 minutes,,,,,,,
nathalie,https://vimeo.com/59179537,"communication non violente
s'inspirer d'autres sphères de la société",collège/lycée,communication;relation ;,Vidéo,10 minutes,,,,,,,
nathalie,https://vimeo.com/179164226,"une prise en compte de l'humain, de l'enfance, du monde",tous,enfance;potentiel;nouveau paradigme;développement personnel,Vidéo,5 minutes,,,,,,,
nathalie,http://www.cordeesdelareussite.fr/les-cordees-de-la-reussite,les cordées de la réussite... Les parcours d'exellence pour TOUS,collège/lycée,réussite;excellence;inégalité;orientation active,Vidéo,5 minutes,,,,,,,
nathalie,http://apprendreaeduquer.fr/jeu-exprimer-emotions-fortes-peur-colere/,exprimer ses émotions,maternelle/élémentaire,"émotion, ",Article,5 minutes,,,,,,,
nathalie,http://apprendre-reviser-memoriser.fr/motivation-ados-apprendre-reviser/,La motivation chez les ados.,collège/lycée,motivation;ados;,Article,10 minutes,,,,,,,
nathalie,http://rire.ctreq.qc.ca/wp-content/uploads/2016/11/r%C3%A9troaction.pdf,les mots qui accompagnent l'apprentissage,tous,relation elève/enseignant;communication,Infographie/Animation visuelle,5 minutes,,,,,,,
nathalie,https://www.youtube.com/watch?v=o10gsAURQyo,la communication non violente,tous,communication;principes;développement personnel,Vidéo,10 minutes,,,,,,,
nathalie,http://apprendre-reviser-memoriser.fr/bonne-maitrise-de-lorthographe/,4 critères de maîtrise de l'orthographe,élémentaire,orthographe;principes,Article,5 minutes,,,,,,,
nathalie,https://www.youtube.com/watch?v=Oo5bK0Pw5B4,street art. Pour regarder autour de soi,tous,arts plastiques;street art,Vidéo,5 minutes,,,,,,,
nathalie,https://www.youtube.com/watch?v=-tz8exxoaVg,peindre avec de les gouttes d'eau,tous,arts plastiques;dessin ,Vidéo,5 minutes,,,,,,,
nathalie,https://www.youtube.com/watch?v=sP4QXVQrAWM,peindre avec de l'eau,tous,arts plastiques;dessin ,Vidéo,5 minutes,,,,,,,
nathalie,https://espe-formation.unistra.fr/webdocs/ci/documents/dossier-classeinversee.pdf,débuter en classe inversée,collège/lycée,classe inversée;,Ressource pédagogique,1 heure,,,,,,,
nathalie,http://apprendre-reviser-memoriser.fr/apprendre-tables-de-multiplication-efficacement/,10 manières d'apprendre les tables de X,élémentaire/collège,table multiplication;mathématiques,Ressource pédagogique,5 minutes,,,,,,,
nathalie,http://www.courrierinternational.com/grand-format/infographie-evite-lappli-pour-appeler-papy?utm_source=Facebook&utm_medium=Social&utm_campaign=Echobox#link_time=1481531554&gid=1&pid=1,"canaux de communication selon les générations, communication et réseaux sociaux",tous,réseaux sociaux;,Infographie/Animation visuelle,5 minutes,,,,,,,
nathalie,https://www.youtube.com/watch?v=sRdUlO3qdak&t=87s,"les neurons miroirs, se voir à travers l'autre, le rôle de l'exemple",tous,neurosciences;neurones miroirs;posture enseignante,Vidéo,5 minutes,"un peu ""naîf"" mais donne une image de se que peuvent ressentir les enfants",,,,,,
nathalie,https://vimeo.com/96010899,comprendre la dyslexie,tous,dyslexie,Vidéo,5 minutes,"un peu ""naîf"" mais donne une image de se que peuvent ressentir les enfants",,,,,,
nathalie,https://vimeo.com/96010905,comprendre l'hyperacitivité,tous,hyperactivité,Vidéo,5 minutes,"un peu ""naîf"" mais donne une image de se que peuvent ressentir les enfants",,,,,,
nathalie,https://vimeo.com/12801116,comprendre la dyspraxie,tous,dyspraxie,Vidéo,5 minutes,"un peu ""naîf"" mais donne une image de se que peuvent ressentir les enfants",,,,,,
nathalie,https://vimeo.com/12800677,comprendre la dysphasie,tous,dysphasie,Vidéo,5 minutes,"un peu ""naîf"" mais donne une image de se que peuvent ressentir les enfants",,,,,,
nathalie,https://vimeo.com/57960939,comprendre la dyscalculie,tous,dyscalculie,Vidéo,5 minutes,"un peu ""naîf"" mais donne une image de se que peuvent ressentir les enfants",,,,,,
nathalie,http://www.managementvisuel.fr/wp-content/uploads/2014/07/Lintelligence-%C3%89motionnelle-.png,l'intelligence émotionnelle c'est quoi ?,tous,intellligence émotionnelle;développement personnel,Infographie/Animation visuelle,5 minutes,"claire et synthétique, un outil pour nous situer dans notre rapport à nos propres émotions",,,,,,
nathalie,http://www.ecolebranchee.com/wp-content/uploads/2015/09/section1.jpeg,l'infographie en éducation,tous,apprentissage efficace;outil,Infographie/Animation visuelle,5 minutes,Synthèse visuelle de l'utilisation de l'infographie en pédagogie,,,,,,
nathalie,http://ecolebranchee.com/2015/09/16/dossier-infographie-fabriquer-une-infographie-comment-faire/,des outils pour créer une infographie,tous,infographie; outil pratique,Article,5 minutes,2 outils pour se lancer dans la création d'infographies,,,,,,
nathalie,http://www3.unesco.org/iycp/Report/activite.pdf,des activités pour batir la Paix,maternelle/élémentaire,Education Paix;émotions;empathie;parole;,Ressource pédagogique,5 minutes,Une mine d'activités à mettre place pour construire des relations entre les elèves... N'oublions pas d'y prendre part !,,,,,,
nathalie,http://philogalichet.fr/wp-content/uploads/2015/04/Galichet_Pratiquer-la-philosophie-%C3%A0-l%C3%A9cole.pdf,Pratiquer la philosophie à l'école,élémentaire/collège,philosophie;parole;débat; se questionner;,Ressource pédagogique,30 minutes,Une présentation claire et détaillée de la pratique philosophique à l'école... 15 débats à mettre en place.,,,,,,
nathalie,https://www.youtube.com/watch?v=KK_lOuhAfso,améliorer son intelligence émotionnelle.... ,tous,intelligence émotionnelle;émotions;développement personnel; gestion émotions;,Vidéo,10 minutes,"Comprendre ses émotions pour aller vers plus de calme pour soi, pour les autres",,,,,,
nathalie,https://www.youtube.com/watch?v=UlIvBOC5V0E&feature=youtu.be,les neurones miroirs,tous,neurosciences;neurones miroirs;émotions;empathie,Vidéo,5 minutes,Pour mieux comprendre l'origine de l'empathie ,,,,,,
nathalie,http://apprendreaeduquer.fr/connaitre-les-etapes-de-la-maturation-emotionnelle-des-enfants-pour-mieux-les-comprendre-et-les-accompagner/,connaître les étapes de la maturation émotionnelle des enfants,tous,maturation émotionnelle;communication non violente;bienveillance;communication,Article,10 minutes,,,,,,,
nathalie,https://www.youtube.com/watch?v=cruSzaOy0gM,Des enfants immobiles pour cause de pollution.... ,tous,pollution;environnement;,Vidéo,5 minutes,Aucun mots.... Des humains figés par la pollution.... No coment !,,,,,,
nathalie,http://www.rtbf.be/tv/emission/detail_alors-on-change/actualites/article_portrait-de-takaharu-tezuka-architecte-japonais-qui-revolutionne-le-concept-d-ecole-maternelle?id=9481904&emissionId=5627,Un architecte japonais révolutionne le concept d'école maternelle,maternelle,innovation;education;école;changement;,Vidéo,5 minutes,Un portrait pour repenser l'espace des enfants,,,,,,
nathalie,https://electricitymap.tmrow.co/,Pour voir en temps réel la provenance de l'électricité et les émissions de co2,élémentaire/collège/lycée,électricité;environnement;pollution;énergie,Infographie/Animation visuelle,5 minutes,Une carte qui donne en temps réel la provenance de l'électricité et les émissions de co2 qui en résultent.,,,,,,
nathalie,http://positivr.fr/terrain-vague-new-york-enfants-governors-island-liberte/,Des idées pour aménager la cours d'école ???,élémentaire/collège,jeu;aménagement;inovation;recyclage,Vidéo,5 minutes,De quoi réfléchir à l'environnement que l'on offre aux enfants...,,,,,,
nathalie,http://www.arte.tv/guide/fr/064098-050-A/arte-junior-le-mag,journal junior pour comprendre l'actualité quotidienne,élémentaire/collège,journal télévisé;actualités;informations;,Autre,5 minutes,Un site pour décrypter le monde. Comme les adultes.,,,,,,
nathalie,https://vimeo.com/14661112,La maison en petits cubes,tous,vieillesse;solitude;nostalgie;mémoire;vie;souvenirs,Vidéo,10 minutes,"Un joli film pour prendre conscience du temps qui passe, des souvenirs...",,,,,,
nathalie,https://vimeo.com/194276412,Un petit film pour ne jamais perdre notre créativité et le chemin de nos rêves,tous,créativité;conformisme;rêves;,Vidéo,10 minutes,Pour prendre conscience que nous devons préserver notre créativité,,,,,,
nathalie,https://scontent-cdg2-1.xx.fbcdn.net/v/t1.0-9/15578960_10155477039899237_6093970919908981022_n.jpg?oh=71f87e84ce258ca5b2d4c91625b72871&oe=58B1D0DE,dispositifs à mettre en place en cas de maladie/handicap/troubles....,maternelle/élémentaire,maladie;handicap;trouble apprentissage;difficulté soclaire;dispositif,Infographie/Animation visuelle,5 minutes,Pour savoir quel dispositif mettre en place selon le stroubles rencontrés chez les enfants,,,,,,
nathalie,https://www.youtube.com/watch?v=R6YYiZVQMFg,la questiologie ou l'art de poser les bonnes questions,tous,questiologie ; poser questions ; carte du monde ; interroger le monde ; créativité,Vidéo,10 minutes,Une vidéo très claire pour comprendre comment interroger notre carte du monde et poser des questions pour réfléchir.,,,,,,
nathalie,https://vimeo.com/3097281,"Une pause musicale, pour rien... Pour tout...",tous,chanson; monde ; paix; universalité ; échanges ; détente,Vidéo,5 minutes,Pour faire une pause... Pour chanter et sourire...,,,,,,
nathalie,https://www.youtube.com/watch?v=9UnxNLpNIG4&t=3s,libérez votre cerveau,tous,neurosciences ;  neurosagesse ; cerveau ; développement personnel,Vidéo,10 minutes,"Rien de nouveau, mais une approche un peu décalée, plus percutante dans la connaissance de soi et de son cerveau. ",,,,,,
nathalie,https://www.youtube.com/watch?v=tu7srT2vWyE,Petit précis d'oralité pour s'exprimer en public,tous,s'exprimer en public ; débuter ; pratique ; ,Vidéo,15 minutes,Une vidéo percutante sur la place du corps dans notre pratique ... Ou comment s'exprimer à l'oral... A voir pour débuter dans le métier... Et plus tard...,,,,,,
nathalie,http://www.contretemps.eu/johsua-freinet-educateur-proletarien/,Apports et limites d'un éducateur prolétarien,tous,pédagogie Freinet ; Histoire ; autonomie ; méthode naturelle,Article,15 minutes,Un article qui remet les idées de Monsieur Freinet dans leur contexte. Intéressant.,,,,,,
nathalie,http://www.photo.rmn.fr/C.aspx?VP3=CMS3&VF=Home,L'agence photo des musées nationaux,tous,photos ;  musée; art ; ressource,site,- ,une mine de photos des Musées nationaux pour des supports de qualité.... Il faut un peu de temps pour fouiller mais c'est un site qui peut devenir une vraie référence.,,,,,,
nathalie,http://www.universcience.tv/video-armand-hatchuel-theoricien-de-la-conception-6038.html,L'avenir est une logique de l'inconnu,tous,avenir ; créativité ;  arts ; ,Vidéo,5 minutes,Quand l'intelligence collective nous permet de passer du connu à l'inconnu.,,,,,,
nathalie ,http://cache.media.eduscol.education.fr/image/Actu_2016/22/8/EspritCritique_infographie_639228.png,l'esprit critique,tous,esprit critique; interprétations;confronter ; s'insformer; écoute; curiosité,Infographie/Animation visuelle,5 minutes,Un résumé simple et visuel de ce qu'est l'Esprit critique.,,,,,,
nathalie,http://www.dailymotion.com/video/x4u8eef_esprit-critique-sophie-mazet_school,l'esprit critique. ,tous,esprit critique; interprétations;confronter ; s'insformer; écoute; curiosité,Vidéo,5 minutes,un témoignage de la mise en place d'un projet portant sur l'esprit critique,,,,,,
nathalie,http://eduscol.education.fr/cid107295/appel-a-contributions-sur-l-esprit-critique.html#lien1,accompagner la formation de l'esprit critique,tous,esprit critique; interprétations;confronter ; s'insformer; écoute; curiosité,Article,15 minutes,"Une définition de l'esprit critique, une démarche intellectuelle.. DOcument un peu dense mais qui présente bien la problématique",,,,,,
nathalie,http://eduscol.education.fr/experitheque/carte.php,"Pour se rapprocher d'enseignants, d'équipes qui innnovent, expérimentent",tous,innovation;education;école;changement; expérimentation ,site,- ,Un espace pour prendre connaissance des projets mis en place dans les académies,,,,,,
nathalie,https://www.facebook.com/notes/pa-pi/%C3%A9valuer-sans-noter/173530319755689,Evaluer sans noter...,tous,notation ; évaluation; réussite; sélection; constante macabre; sanction,Article,15 minutes,Un article écrit par un enseignant. Un peu long mais une vision intéressante de ce que représente la notation.,,,,,,
nathalie,https://www.franceinter.fr/emissions/la-tete-au-carre/la-tete-au-carre-22-decembre-2014,Ce que valent les notes,tous,notation ; évaluation; réussite; sélection; constante macabre; sanction,emission radio,1 heure,"une émission riche en informations sur la valeur des notes dans l'enseignement et le biais  de la ""constante macabre"".",,,,,,
nathalie,http://www.formavox.com/pedagogies-actives-ludiques-participatives,"Top 5 et Flop 5 des pédagogies actives, ludiques et participatives : avantages et inconvénients",tous,pédagoie active; pédagogie participative ; innovation ;levier ; changement,Article,10 minutes,article synthétique mettant en avant les avantages et les inconvénients des pédagogies actives.. Pas d'approndissement théorique mais écriture efficace et claire,,,,,,
nathalie,http://www.formavox.com/regle-des-10-minutes,Comment captiver et maintenir l’attention de vos apprenants en formation : la règle des 10 minutes,tous,attention; formation ; préparer ses cours ;méthodologie ; émotions ; débuter ;apprentissage ;,Article,10 minutes,article synthétique emprunté au monde de la formation en entreprise. Un petit truc efficace à mettre en place dans nos préparations,,,,,,
nathalie,http://www.formavox.com/neurosciences-apprentissage-formation,Que peuvent nous apprendre les neurosciences à propos de la formation et de l’apprentissage ?,tous,neurosciences;  apprentissage; mémoire ; cerveau ; intelligences multiples,Article,10 minutes,article synthétique emprunté au monde de la formation en entreprise. Un petit truc efficace à mettre en place dans nos préparations,,,,,,
nathalie,http://www.formavox.com/comment-reduire-charge-cognitive-formation-presentation,9 manières de réduire la charge cognitive de vos participants durant vos formations et présentations,tous,neurosciences;  apprentissage; mémoire ; cerveau ; intelligences multiples ;attention; formation ; préparer ses cours ;méthodologie ; émotions ; débuter  ,Article,10 minutes,article synthétique emprunté au monde de la formation en entreprise. Un petit truc efficace à mettre en place dans nos préparations,,,,,,
nathalie,http://www.formavox.com/presentation-structurer-visualiser-plan-contenu,4 manières originales de structurer le plan et mieux visualiser le contenu de votre présentation,tous,neurosciences;  apprentissage; mémoire ; cerveau ; intelligences multiples ;attention; formation ; préparer ses cours ;méthodologie ; émotions ; débuter  ,Article,10 minutes,article synthétique emprunté au monde de la formation en entreprise. Un petit truc efficace à mettre en place dans nos préparations,,,,,,
nathalie,http://www.formavox.com/principes-reussir-presentations-captiver-audience,7 principes de base à respecter pour réussir vos présentations et captiver votre audience,tous,neurosciences;  apprentissage; mémoire ; cerveau ; intelligences multiples ;attention; formation ; préparer ses cours ;méthodologie ; émotions ; débuter  ,Article,10 minutes,article synthétique emprunté au monde de la formation en entreprise. Un petit truc efficace à mettre en place dans nos préparations,,,,,,
nathalie,http://www.formavox.com/definir-objectifs-pedagogiques-formation-taxonomie-bloom-methode-smart,Définir des objectifs pédagogiques efficaces et cohérents grâce à la taxonomie de Bloom et la méthode SMART,tous,neurosciences;  apprentissage; mémoire ; cerveau ; intelligences multiples ;attention; formation ; préparer ses cours ;méthodologie ; émotions ; débuter  ,Article,10 minutes,article synthétique emprunté au monde de la formation en entreprise. Un petit truc efficace à mettre en place dans nos préparations,,,,,,
nathalie,http://sydologie.com/2016/12/mardis-de-memoire-9-lart-de-memoire/,"La mémoire en long en large, en travers",tous,mémoire; mémorisation; encodage; oubli; ,parcours,10 minutes,"Un parcours complet pour comprendre le fonctionnement, l'organisation de notre mémoire... 10 minutes pour chaque module...  8 modules au total... ",,,,,,
nathalie,https://fr.educaplay.com/,un outil pour créer des activités éducatives,tous,numérique; outil créatif ; activités interactives; préparer ses cours,site,- ,un site en ligne pour créer des activités interactives,,,,,,